ID,Official Image URL,Naming
1,https://local.pokemon.jp/img/p/manhole/1a0d76db2fb9b2cd5857ad3ee233e054_m.png,Kagoshima - Ibusuki
2,https://local.pokemon.jp/img/p/manhole/79b15b766a24880ed19bda2ec4863ab2_m.png,Kagoshima - Ibusuki
3,https://local.pokemon.jp/img/p/manhole/5c4e9fb2f499dee2fd8206c9a0926294_m.png,Kagoshima - Ibusuki
4,https://local.pokemon.jp/img/p/manhole/3b15f5b988170e1ac987781317e3e6c4_m.png,Kagoshima - Ibusuki
5,https://local.pokemon.jp/img/p/manhole/80a6b07026c38a97c89436f59e3c5cc2_m.png,Kagoshima - Ibusuki
6,https://local.pokemon.jp/img/p/manhole/2662aede3a093feb445970ca2e077f85_m.png,Kagoshima - Ibusuki
7,https://local.pokemon.jp/img/p/manhole/079877ac0df6af8da9edc55ca9a06ae8_m.png,Kagoshima - Ibusuki
8,https://local.pokemon.jp/img/p/manhole/580f382c51079d1d67edbb02d23462f4_m.png,Kagoshima - Ibusuki
9,https://local.pokemon.jp/img/p/manhole/5953fdc915091e1bfb6a059b8de5a086_m.png,Kagoshima - Ibusuki
10,https://local.pokemon.jp/img/p/manhole/03c8da68d0400d4eaf0d9bf03d274f98_m.png,Iwate - Hirono
11,https://local.pokemon.jp/img/p/manhole/ce6927c9ff939ee9cb4936e6480b8333_m.png,Iwate - Kuji
12,https://local.pokemon.jp/img/p/manhole/b30c30e0cdf7b450379ca2f43faa3aac_m.png,Iwate - Noda
13,https://local.pokemon.jp/img/p/manhole/20fa066c221649e42e0aaf974678c05c_m.png,Iwate - Fudai
14,https://local.pokemon.jp/img/p/manhole/fd8ca30f4138a318860f226d8c6c99fc_m.png,Iwate - Iwaizumi
15,https://local.pokemon.jp/img/p/manhole/9a02cf6fca246847485b2f0e17e2088a_m.png,Iwate - Tanohata
16,https://local.pokemon.jp/img/p/manhole/3de728b1129d289ee8a8cfdc453d1beb_m.png,Iwate - Miyako
17,https://local.pokemon.jp/img/p/manhole/54a462f0357b55fb5dfcac3067901572_m.png,Iwate - Yamada
18,https://local.pokemon.jp/img/p/manhole/1500f5e64d9158b2504bff2a8b9874da_m.png,Iwate - Otsuchi
19,https://local.pokemon.jp/img/p/manhole/ef0d3f35693fea34981a2a6c5e14104f_m.png,Iwate - Kamaishi
20,https://local.pokemon.jp/img/p/manhole/f7c29ccbcee1c86abe67c6c5df162231_m.png,Iwate - Ofunato
21,https://local.pokemon.jp/img/p/manhole/b48f36c2ea4948e57d737a055d5fe47d_m.png,Iwate - Rikuzentakata
22,https://local.pokemon.jp/img/p/manhole/83d5c100e0ee6372bd16490dbc67fa5d_m.png,Iwate - Sumita
23,https://local.pokemon.jp/img/p/manhole/dd60987af1dda49a37486a2cbcb4d407_m.png,Kanagawa - Yokohama
28,https://local.pokemon.jp/img/p/manhole/3f8606c250a83239f508571b1484d584_m.png,Kagawa - Takamatsu
29,https://local.pokemon.jp/img/p/manhole/80456987ca2775b7af3dffce1efbf964_m.png,Kagawa - Marugame
30,https://local.pokemon.jp/img/p/manhole/c76924a522f5f4c6be3f7495f67175a3_m.png,Kagawa - Sakaide
31,https://local.pokemon.jp/img/p/manhole/c119928b9d5eaad8001359861af7ccad_m.png,Kagawa - Zentsuji
32,https://local.pokemon.jp/img/p/manhole/30dbde7fe8d7f8d0cae358eecebfe44b_m.png,Kagawa - KAN-ONJI
33,https://local.pokemon.jp/img/p/manhole/2f6edaf36ce1857f7f8942cf0bac2b2c_m.png,Kagawa - Sanuki
34,https://local.pokemon.jp/img/p/manhole/55cd911fc9c25e0e8012891daa24946c_m.png,Kagawa - Higashikagawa
35,https://local.pokemon.jp/img/p/manhole/b28655a215e13414ed57362a65800eef_m.png,Kagawa - Mitoyo
36,https://local.pokemon.jp/img/p/manhole/4ce0a7a8695de3b57c977499c004ae68_m.png,Kagawa - Tonosho
37,https://local.pokemon.jp/img/p/manhole/e898687780632f41f88293185dc187f9_m.png,Kagawa - Shodoshima
38,https://local.pokemon.jp/img/p/manhole/5b76f33d2939d085b7b8877e4843b710_m.png,Kagawa - Miki
39,https://local.pokemon.jp/img/p/manhole/a110919f47d4cf2b904ebc498d449df2_m.png,Kagawa - Naoshima
40,https://local.pokemon.jp/img/p/manhole/97364ac57cfec00bae3532e5b86993e1_m.png,Kagawa - Ayagawa
41,https://local.pokemon.jp/img/p/manhole/a657921a86223c0d151c52658fad232b_m.png,Kagawa - Kotohira
42,https://local.pokemon.jp/img/p/manhole/2eeafabec505047777390acd55805848_m.png,Kagawa - Tadotsu
43,https://local.pokemon.jp/img/p/manhole/f7183a39726aa627e14ad95fbeaf881f_m.png,Kagawa - Manno
44,https://local.pokemon.jp/img/p/manhole/196cb20d603ee6eae87932a61344e7e3_m.png,Miyagi - Kesennuma
45,https://local.pokemon.jp/img/p/manhole/21dc0ec65a1eb468c86d336ad90ea120_m.png,Miyagi - Minamisanriku
46,https://local.pokemon.jp/img/p/manhole/bba07094c6513abf7611f18f842b4c11_m.png,Miyagi - Onagawa
47,https://local.pokemon.jp/img/p/manhole/a6ba2f448a32de55a112c963c72589aa_m.png,Miyagi - Ishinomaki
48,https://local.pokemon.jp/img/p/manhole/c90a0f605f37f87cfefb496c80e8a0dc_m.png,Miyagi - Higashimatsushima
49,https://local.pokemon.jp/img/p/manhole/21ee5b603bbc503949a5160aac6211c9_m.png,Miyagi - Matsushima
50,https://local.pokemon.jp/img/p/manhole/879f9a0774db8f5a92918b55779f41de_m.png,Miyagi - Shiogama
51,https://local.pokemon.jp/img/p/manhole/c696ccb7c089d73174b41ab9fca770c8_m.png,Miyagi - Rifu
52,https://local.pokemon.jp/img/p/manhole/75e862975740feba88601a636fc95395_m.png,Miyagi - Shichigahama
53,https://local.pokemon.jp/img/p/manhole/cf7ba94b9548c4c34a1904f0a45ffd48_m.png,Miyagi - Tagajo
54,https://local.pokemon.jp/img/p/manhole/6e116f60e1990858c1709d0ad7168ed0_m.png,Miyagi - Sendai
55,https://local.pokemon.jp/img/p/manhole/b66498501b206eb2ec6a710f114c44bd_m.png,Miyagi - Natori
56,https://local.pokemon.jp/img/p/manhole/122c918889a88df0101103652da66ffc_m.png,Miyagi - Iwanuma
57,https://local.pokemon.jp/img/p/manhole/31b568509d0a74bdd6d418b9107da7ea_m.png,Miyagi - Watari
58,https://local.pokemon.jp/img/p/manhole/da648e1b955aa58ff9d29764c3b14098_m.png,Miyagi - Yamamoto
59,https://local.pokemon.jp/img/p/manhole/9a5bcd8fc9acb25f4bd0f7ad5ed029ee_m.png,Hokkaido - Ishikari
60,https://local.pokemon.jp/img/p/manhole/cf19a848cc495397f84897ca1edb35f5_m.png,Hokkaido - Eniwa
61,https://local.pokemon.jp/img/p/manhole/c9b1ca1743f22f22ec0cc61d901b5dad_m.png,Hokkaido - Toyako
62,https://local.pokemon.jp/img/p/manhole/7304ef666e025271c5f04399faf2bc07_m.png,Hokkaido - Mori
63,https://local.pokemon.jp/img/p/manhole/835ef4993bfa0a192e0f0fe4a51c13a3_m.png,Hokkaido - Kaminokuni
64,https://local.pokemon.jp/img/p/manhole/c5ca9b484bde47acd0cd18e4c115eb74_m.png,Hokkaido - Shibetsu
65,https://local.pokemon.jp/img/p/manhole/f5e2dff8844d9a78c1baca3405a0737b_m.png,Hokkaido - Pippu
66,https://local.pokemon.jp/img/p/manhole/ad2274e40919a0301047f6e809a040fd_m.png,Hokkaido - Teshio
67,https://local.pokemon.jp/img/p/manhole/92f6a149a9614bf12a606d2c691f4def_m.png,Hokkaido - Wakkanai
68,https://local.pokemon.jp/img/p/manhole/d4e4eb2b9d3e88657aec298b6778c90d_m.png,Hokkaido - Toyotomi
69,https://local.pokemon.jp/img/p/manhole/708b89a16446446c4f4b67b89afb40b2_m.png,Hokkaido - Mombetsu
70,https://local.pokemon.jp/img/p/manhole/ea59f21d2187fb600591f5b4843bf63d_m.png,Hokkaido - Engaru
71,https://local.pokemon.jp/img/p/manhole/fdf28d6a85b570757b1a6a6045c05ace_m.png,Hokkaido - Ohzora
72,https://local.pokemon.jp/img/p/manhole/0ae31f4e9e07a44469e899c4f8a7c0d1_m.png,Hokkaido - Shintoku
73,https://local.pokemon.jp/img/p/manhole/18709c0795ab510b4759d0a7d51bd645_m.png,Hokkaido - Ashoro
74,https://local.pokemon.jp/img/p/manhole/ff3da633c56590b1692d2cc729807dd8_m.png,Tottori - Tottori
75,https://local.pokemon.jp/img/p/manhole/d41137bea205741d5a7f4cb7e5646494_m.png,Tottori - Yonago
76,https://local.pokemon.jp/img/p/manhole/5eab25e1ec94bbda4e016964c1e4c0c2_m.png,Tottori - Kurayoshi
77,https://local.pokemon.jp/img/p/manhole/f6da3dcbdb1a5e3805efeae1aed62a31_m.png,Tottori - Sakaiminato
78,https://local.pokemon.jp/img/p/manhole/abf9db7af4414278a820045649dd91b9_m.png,Tottori - Iwami
79,https://local.pokemon.jp/img/p/manhole/89266fc70148e3988d2505b8bebec5e7_m.png,Tottori - Wakasa
80,https://local.pokemon.jp/img/p/manhole/fa7745d9d2cf27532ece0df7ae94cdef_m.png,Tottori - Misasa
81,https://local.pokemon.jp/img/p/manhole/97b31d2afb1854865151081ffff89c13_m.png,Tottori - Yurihama
82,https://local.pokemon.jp/img/p/manhole/b895c47d2aa420b0ee4f6de752d0b52b_m.png,Tottori - Kotoura
83,https://local.pokemon.jp/img/p/manhole/9dbcf5bd5c6c3fe0923fbe26eb38b5fd_m.png,Tottori - Daisen
84,https://local.pokemon.jp/img/p/manhole/d3e1aa315a234beed33b5fdf0e57273f_m.png,Tottori - Nanbu
85,https://local.pokemon.jp/img/p/manhole/c2c30a5636c8110a39aa6c37a46833a9_m.png,Tottori - Houki
86,https://local.pokemon.jp/img/p/manhole/93d997a517ea711ef84cf02652df9b5d_m.png,Tottori - Nichinan
87,https://local.pokemon.jp/img/p/manhole/699a59ecb60c1f784eb89c546316a66c_m.png,Tottori - Hino
88,https://local.pokemon.jp/img/p/manhole/3551920549897ca17bd2d417b3461b56_m.png,Fukushima - Shinchi
89,https://local.pokemon.jp/img/p/manhole/4b56f3842cbe9066c7d01f0c9df96c92_m.png,Fukushima - Soma
90,https://local.pokemon.jp/img/p/manhole/438cf3fd7fda58f2fb64fe9a8cae6d5f_m.png,Fukushima - Minamisoma
91,https://local.pokemon.jp/img/p/manhole/e0030b2398b3c23c69eeb288202d02bb_m.png,Fukushima - Namie
92,https://local.pokemon.jp/img/p/manhole/912960b2605434d5780a92ab51dd92b9_m.png,Fukushima - Naraha
93,https://local.pokemon.jp/img/p/manhole/8f4823eaabb4acedd31afc1be79c0bd8_m.png,Fukushima - Iwaki
94,https://local.pokemon.jp/img/p/manhole/b65e0102732f5ec6a2473bd0372bb6c3_m.png,Fukushima - Kawamata
95,https://local.pokemon.jp/img/p/manhole/482de2cc901ee6970a9196ef63fcc05b_m.png,Fukushima - Tamura
96,https://local.pokemon.jp/img/p/manhole/c846e8317054bcfad601d9de4ed1bddb_m.png,Fukushima - Kawauchi
97,https://local.pokemon.jp/img/p/manhole/46149907aafef8ebbb532d3adedfc0a6_m.png,Kagawa - Utazu
98,https://local.pokemon.jp/img/p/manhole/4c77c6c7e731ed37ef071ab402d5c1bd_m.png,Tokyo - Machida
99,https://local.pokemon.jp/img/p/manhole/5a62f4b93b6a63de11a8f9ff794e48ca_m.png,Tokyo - Machida
100,https://local.pokemon.jp/img/p/manhole/6f89f0fea8421c663d939f07d9d3e170_m.png,Tokyo - Machida
101,https://local.pokemon.jp/img/p/manhole/f440e59f4dc8e8eb3d6dbc063c121101_m.png,Tokyo - Machida
102,https://local.pokemon.jp/img/p/manhole/0a991953b4543cb86f11bc3581aae7d1_m.png,Tokyo - Machida
103,https://local.pokemon.jp/img/p/manhole/5ad8fe31b6a39f7b0d1dcbc4d366b54b_m.png,Tokyo - Machida
104,https://local.pokemon.jp/img/p/manhole/984ab29a7f1a717d60d8faf6ab4ba956_m.png,Shiga - Otsu
105,https://local.pokemon.jp/img/p/manhole/d457b0b0d22eb88c9ef87d755c435ee0_m.png,Shiga - Otsu
106,https://local.pokemon.jp/img/p/manhole/9124edb433debfc805f8e3dcf81142ef_m.png,Tottori - Chizu
107,https://local.pokemon.jp/img/p/manhole/e4cc762f5c45d2e3b1c89fe016cad306_m.png,Tottori - Yazu
108,https://local.pokemon.jp/img/p/manhole/d63d0cd135a8ea0fdffba8c4c1a91044_m.png,Tottori - Hokuei
109,https://local.pokemon.jp/img/p/manhole/3af8acc5e98898f553ef0a9d3472dd75_m.png,Tottori - Hiezu
110,https://local.pokemon.jp/img/p/manhole/14cce541fd36605c5e7663e88d87aaa7_m.png,Tottori - Kofu
111,https://local.pokemon.jp/img/p/manhole/4df805be8a64d2c988d992788be19a9b_m.png,Miyazaki - Miyazaki
112,https://local.pokemon.jp/img/p/manhole/669e4e9f0164e147c365f0fa159d5186_m.png,Miyazaki - Miyakonojo
113,https://local.pokemon.jp/img/p/manhole/3a5e9189da60b8c54d2ccdbd184dc9dd_m.png,Miyazaki - Nobeoka
114,https://local.pokemon.jp/img/p/manhole/8ce155eced18eb9355d00e77741e924b_m.png,Miyazaki - Nichinan
115,https://local.pokemon.jp/img/p/manhole/0dc396d7b4e206b302245cb286cb828c_m.png,Miyazaki - Kobayashi
116,https://local.pokemon.jp/img/p/manhole/cce5f8178d3186bff628ad5efe8e9962_m.png,Miyazaki - Hyuga
117,https://local.pokemon.jp/img/p/manhole/eb72ab472d06b001ae7e522937fda3b7_m.png,Miyazaki - Kushima
118,https://local.pokemon.jp/img/p/manhole/40deb7e698a707b7ae456f46634f6a14_m.png,Miyazaki - Saito
119,https://local.pokemon.jp/img/p/manhole/c66068946bb57f85df1cc9221816f761_m.png,Miyazaki - ebino
120,https://local.pokemon.jp/img/p/manhole/d86f9fbdc323ccf8a44a1cc61f14cf5a_m.png,Miyagi - Shiroishi
121,https://local.pokemon.jp/img/p/manhole/8773aebd30abe08aa9ad070610b62d93_m.png,Miyagi - Kakuda
122,https://local.pokemon.jp/img/p/manhole/0276a1166ecab2b87231d3556c765167_m.png,Miyagi - Tome
123,https://local.pokemon.jp/img/p/manhole/495aa4a82e4831df7c4df483ec3818a8_m.png,Miyagi - Kurihara
124,https://local.pokemon.jp/img/p/manhole/60a517309907d70d3227450081b4ca08_m.png,Miyagi - Osaki
125,https://local.pokemon.jp/img/p/manhole/eb65307347f95b410b10f6de91169728_m.png,Miyagi - Tomiya
126,https://local.pokemon.jp/img/p/manhole/e293e09c17892a05563f1b2726ed2877_m.png,Miyagi - Zao
127,https://local.pokemon.jp/img/p/manhole/71836918b6a718ac1241f1e1cdd1ef85_m.png,Miyagi - Shichikashuku
128,https://local.pokemon.jp/img/p/manhole/b842dfc9874d2e09445e1fc3f38ad9ac_m.png,Miyagi - Ogawara
129,https://local.pokemon.jp/img/p/manhole/d1c747bb4e5729cfed493a58e2755d01_m.png,Miyagi - Murata
130,https://local.pokemon.jp/img/p/manhole/db51e7b93287a6d4f02f087a430671d5_m.png,Miyagi - Shibata
131,https://local.pokemon.jp/img/p/manhole/8d71ae197fd04fb3260e7d1a0696b39d_m.png,Miyagi - Kawasaki
132,https://local.pokemon.jp/img/p/manhole/6a672a743cad949bf943ff691d54c14b_m.png,Miyagi - Marumori
133,https://local.pokemon.jp/img/p/manhole/322d4458c639327625e8314186014e1c_m.png,Miyagi - Taiwa
134,https://local.pokemon.jp/img/p/manhole/e4d64849c631f1c55792c162210f83ca_m.png,Miyagi - Osato
135,https://local.pokemon.jp/img/p/manhole/a6650f6580df0e0e5debb154e1d26824_m.png,Miyagi - Ohira
136,https://local.pokemon.jp/img/p/manhole/f153fccd4c39fd161721923ee9a1b1db_m.png,Miyagi - shikam
137,https://local.pokemon.jp/img/p/manhole/122780b137abcc24c9987cd2842f4e9e_m.png,Miyagi - Kami
138,https://local.pokemon.jp/img/p/manhole/f1eb53fbcfe726de54e319a9741feed6_m.png,Miyagi - Wakuya
139,https://local.pokemon.jp/img/p/manhole/e491789809d4a47d823bfe69df54712c_m.png,Miyagi - Misato
140,https://local.pokemon.jp/img/p/manhole/d0fd3269d1c6446d47a5d73e39c3273c_m.png,Hokkaido - Tomakomai
141,https://local.pokemon.jp/img/p/manhole/37eb2bacbb680049ab0ce47cd56cb080_m.png,Hokkaido - Mikasa
142,https://local.pokemon.jp/img/p/manhole/333446f14d9d7487fd1051ed1a5564d8_m.png,Hokkaido - Kamifurano
143,https://local.pokemon.jp/img/p/manhole/130ae2f0d814df1b0a14c36032523a85_m.png,Hokkaido - Kembuchi
144,https://local.pokemon.jp/img/p/manhole/cb0b83a72c4a02d3828408438fe69c79_m.png,Niigata - Ojiya
145,https://local.pokemon.jp/img/p/manhole/5b25c222f6dcfd8f930f37bcbc9e1d36_m.png,Niigata - Ojiya
146,https://local.pokemon.jp/img/p/manhole/1eb3ac5b96b69515307e7b8d461b83b7_m.png,Niigata - Ojiya
147,https://local.pokemon.jp/img/p/manhole/1779749989a248a4d80438774bd31c5c_m.png,Niigata - Ojiya
148,https://local.pokemon.jp/img/p/manhole/8c606a972fea1746e45dea9cf3f87c9e_m.png,Nara - Ikaruga
149,https://local.pokemon.jp/img/p/manhole/d3e08e12b17d3ff3befcd5225d3af30d_m.png,Nara - Ikaruga
150,https://local.pokemon.jp/img/p/manhole/138c801dc7696711d46521e013d6d7c3_m.png,Nara - Ikaruga
151,https://local.pokemon.jp/img/p/manhole/d0bfb7bbc2a06d730b47b017a3e77cf7_m.png,Nara - Ikaruga
152,https://local.pokemon.jp/img/p/manhole/cf516896b4b7eb0cad8e8e3eeebbc99f_m.png,Nara - Ikaruga
153,https://local.pokemon.jp/img/p/manhole/f8bada1702ac9b24058746e324095bac_m.png,Tokyo - Ogasawara
154,https://local.pokemon.jp/img/p/manhole/12cfb1b31e8a73d64c0467c702e420f7_m.png,Tokyo - Ogasawara
155,https://local.pokemon.jp/img/p/manhole/a0a9f2d7186f56fedadabc010c395e83_m.png,Tokyo - Ogasawara
156,https://local.pokemon.jp/img/p/manhole/ad8932065d369c0b5ae27c3836637f61_m.png,Tokyo - Ogasawara
157,https://local.pokemon.jp/img/p/manhole/980e5418dbdef7582b162d577ad77cf7_m.png,Aomori - Hachinohe
158,https://local.pokemon.jp/img/p/manhole/1723f48f98735fe88693db2547152835_m.png,Aomori - Hashikami
159,https://local.pokemon.jp/img/p/manhole/dadd75c86a5e66bf5392ba13716c2dfe_m.png,Kyoto - Kyoto
160,https://local.pokemon.jp/img/p/manhole/61ed5a9f280a92b6a49269897c80870c_m.png,Kyoto - Kyoto
161,https://local.pokemon.jp/img/p/manhole/cec84609550ebe0986175832b49f3666_m.png,Kyoto - Kyoto
162,https://local.pokemon.jp/img/p/manhole/6e0c231cc1175791b00694844dc42904_m.png,Kyoto - Kyoto
163,https://local.pokemon.jp/img/p/manhole/e923d93de75da9471bc1eb6b2504b721_m.png,Kyoto - Kyoto
164,https://local.pokemon.jp/img/p/manhole/7e8cdc1e3864f6802fe5c7c531f68074_m.png,Miyazaki - Mimata
165,https://local.pokemon.jp/img/p/manhole/7020590767375a1d51a3bb6af9b37edf_m.png,Miyazaki - Takanabe
166,https://local.pokemon.jp/img/p/manhole/73c6c49f8aa194dcb52da6808758de16_m.png,Miyazaki - Shintomi
167,https://local.pokemon.jp/img/p/manhole/dd75e9254b02cf00906b22ece20ed6a2_m.png,Miyazaki - Kijo
168,https://local.pokemon.jp/img/p/manhole/3da8c4d33f82dbd65c7092f4080c88ab_m.png,Miyazaki - Kawaminami
169,https://local.pokemon.jp/img/p/manhole/249dfc49428f58aff38f37c46131982e_m.png,Miyazaki - Tsuno
170,https://local.pokemon.jp/img/p/manhole/1d1261134ec64c046aacae63dba74c6f_m.png,Miyazaki - Kadogawa
171,https://local.pokemon.jp/img/p/manhole/338c34ed7b70c9a65755b2894a04ecc1_m.png,Miyazaki - Misato
172,https://local.pokemon.jp/img/p/manhole/461c1ae602ab3848aaa395fd03e5fa00_m.png,Tokyo - Ueno
173,https://local.pokemon.jp/img/p/manhole/eb25062c31cfbbbf2e120451b3b76492_m.png,Tokyo - Ueno
174,https://local.pokemon.jp/img/p/manhole/38ee8e633d933570a2506d1ceba9290b_m.png,Okinawa - Naha
175,https://local.pokemon.jp/img/p/manhole/130f21e980593ce7e537a81a804a1bc3_m.png,Okinawa - Ginowan
176,https://local.pokemon.jp/img/p/manhole/b084912808574bde91de683704e1503d_m.png,Okinawa - Okinawa
177,https://local.pokemon.jp/img/p/manhole/1a8c0a85ed3586e6076dac22272185d7_m.png,Okinawa - Uruma
178,https://local.pokemon.jp/img/p/manhole/916517348882e6d81c6fd8e163ac8352_m.png,Miyazaki - Takaharu
179,https://local.pokemon.jp/img/p/manhole/73fdb713c9cec2bed36f015248b51725_m.png,Miyazaki - Kunitomi
180,https://local.pokemon.jp/img/p/manhole/ec206a3b8bd4d61296485b207d204370_m.png,Miyazaki - Aya
181,https://local.pokemon.jp/img/p/manhole/d8eb6198c178641e316d0936fccd06e0_m.png,Miyazaki - Nishimera
182,https://local.pokemon.jp/img/p/manhole/4214e59f59260308035a93441400b6fa_m.png,Miyazaki - Morotsuka
183,https://local.pokemon.jp/img/p/manhole/a612a2a3e3d6d9a6cb7641ce25cfcdb7_m.png,Miyazaki - Shiiba
184,https://local.pokemon.jp/img/p/manhole/ba1ab8ae9af98b080f9ed1d867cb75c9_m.png,Miyazaki - Takachiho
185,https://local.pokemon.jp/img/p/manhole/dbe8fa0ecdf59974cf1c01b55f7f089b_m.png,Miyazaki - Hinokage
186,https://local.pokemon.jp/img/p/manhole/aa92f7d136b868b5252b1fc6994ce947_m.png,Miyazaki - Gokase
187,https://local.pokemon.jp/img/p/manhole/acac72c0b33b4df7f2a735443fc8eacf_m.png,Hokkaido - Hakodate
188,https://local.pokemon.jp/img/p/manhole/5a324c4217960388cb12d0c412bb2ae5_m.png,Hokkaido - Otaru
189,https://local.pokemon.jp/img/p/manhole/ef06fc22ce5dae9e3683d8fec4a9f68e_m.png,Hokkaido - Nemuro
190,https://local.pokemon.jp/img/p/manhole/171f0782befe20c0ce34ea9cf2a069ef_m.png,Hokkaido - Noboribetsu
191,https://local.pokemon.jp/img/p/manhole/c196a6a082f5b38bd76fb1a6acb8b999_m.png,Hokkaido - Honbetsu
192,https://local.pokemon.jp/img/p/manhole/3085ebc53a5477aed032335bdc1c5d7e_m.png,Hokkaido - Rikubetsu
193,https://local.pokemon.jp/img/p/manhole/690d084c832f1c94f9c765c47fb5d3b4_m.png,Hokkaido - Nakashibetsu
194,https://local.pokemon.jp/img/p/manhole/12a7f3eb91387a2de15ce4a4d07b76d9_m.png,Okayama - Kurashiki
195,https://local.pokemon.jp/img/p/manhole/0fece4439cad84d032b8b5b1abe4bfbe_m.png,Okayama - Kurashiki
196,https://local.pokemon.jp/img/p/manhole/bc3943f41c55662b08fff143d35e6001_m.png,Okayama - Kurashiki
197,https://local.pokemon.jp/img/p/manhole/57b32929e283717a3c17bf5694ee5331_m.png,Okayama - Kurashiki
198,https://local.pokemon.jp/img/p/manhole/b13f6216991b853d40f37921b7b1a75c_m.png,Fukuoka - Kitakyushu
199,https://local.pokemon.jp/img/p/manhole/19ddba7b284e5f5bc16a8ac6b62776d1_m.png,Fukuoka - Kitakyushu
200,https://local.pokemon.jp/img/p/manhole/ffa7e3a05b778ee19eb7e1c648fab1d3_m.png,Fukuoka - Kitakyushu
201,https://local.pokemon.jp/img/p/manhole/c61b90c00e7cc84c950a7c030240fc4f_m.png,Fukuoka - Kitakyushu
202,https://local.pokemon.jp/img/p/manhole/8bc29983cee8593f888c394b13b50b06_m.png,Fukuoka - Kitakyushu
203,https://local.pokemon.jp/img/p/manhole/3b9a7a603fe46a8c9ca44daa6d465c4e_m.png,Hyogo - Awaji
204,https://local.pokemon.jp/img/p/manhole/521884db6e67a711689a534f225e5555_m.png,Hyogo - Awaji
205,https://local.pokemon.jp/img/p/manhole/8e5813792f66a65c189ff519bafd76e8_m.png,Hyogo - Awaji
206,https://local.pokemon.jp/img/p/manhole/8b79e350ab1d04a38f8dffc6baed16e5_m.png,Osaka - Higashiosaka
207,https://local.pokemon.jp/img/p/manhole/cd700d469950e929688fda7b763b46b9_m.png,Osaka - Higashiosaka
208,https://local.pokemon.jp/img/p/manhole/82bcc43d44a0c0ce158820a770ea8abb_m.png,Osaka - Higashiosaka
209,https://local.pokemon.jp/img/p/manhole/d39830afa4791086bcb803f16950c7a2_m.png,Osaka - Higashiosaka
210,https://local.pokemon.jp/img/p/manhole/c5b049a0ebabbe4653c901d1d7d285a5_m.png,Osaka - Higashiosaka
211,https://local.pokemon.jp/img/p/manhole/f2dfd29ec753fb46d12d81af9736e548_m.png,Saitama - Tokorozawa
212,https://local.pokemon.jp/img/p/manhole/5296fd3ea597bbc66ac66444cd22cbf3_m.png,Saitama - Tokorozawa
213,https://local.pokemon.jp/img/p/manhole/aeaf1d2fff879ae33fca2eb1ba4a69e8_m.png,Saitama - Tokorozawa
214,https://local.pokemon.jp/img/p/manhole/98f049601f822ae15722cb1f18b781b0_m.png,Hokkaido - Asahikawa
215,https://local.pokemon.jp/img/p/manhole/a3d69726d4c689718117f62c9aef41e7_m.png,Hokkaido - Kushiro
216,https://local.pokemon.jp/img/p/manhole/978d53fbb05f1fc405e8f52a26325b90_m.png,Hokkaido - Obihiro
217,https://local.pokemon.jp/img/p/manhole/7f513d0f647dc5adfe2e0576aedaf871_m.png,Hokkaido - Abashiri
218,https://local.pokemon.jp/img/p/manhole/f141860f843e06b962fcbd5c4d699d6e_m.png,Hokkaido - Akaigawa
219,https://local.pokemon.jp/img/p/manhole/97cab8cd9571ac26cba4a7a16bb12770_m.png,Hokkaido - Higashikawa
220,https://local.pokemon.jp/img/p/manhole/1c18c9f749dced78800c3893890d0fbc_m.png,Hokkaido - Shari
221,https://local.pokemon.jp/img/p/manhole/d6112e741a398a77436b6a4eca00b2cf_m.png,Hokkaido - Erimo
222,https://local.pokemon.jp/img/p/manhole/c9284e72a57917ac1347408c2c48b8a7_m.png,Chiba - Katori
223,https://local.pokemon.jp/img/p/manhole/e20be7f7c65fda5d7808a88ca8ed6d78_m.png,Chiba - Katori
224,https://local.pokemon.jp/img/p/manhole/0ca06ae099f30906d35f7061ac70f433_m.png,Chiba - Katori
225,https://local.pokemon.jp/img/p/manhole/23d6d594e7a3c463148f8a6122377134_m.png,Chiba - Katori
226,https://local.pokemon.jp/img/p/manhole/52fdbecd02d60456608847e86f3e8964_m.png,Tochigi - Utsunomiya
227,https://local.pokemon.jp/img/p/manhole/e3b4858f5d9d3e0dc78c355976453448_m.png,Tochigi - Utsunomiya
228,https://local.pokemon.jp/img/p/manhole/614ba5f80e044574e4f5fa79677fa37f_m.png,Tochigi - Utsunomiya
229,https://local.pokemon.jp/img/p/manhole/e7c237860cafa6647a8a41ea77066f22_m.png,Okinawa - Urasoe
230,https://local.pokemon.jp/img/p/manhole/2fe8dcc15673cdcdbe781d3893d552eb_m.png,Okinawa - Nago
231,https://local.pokemon.jp/img/p/manhole/d921024635f0de3420c032f5a1afa708_m.png,Okinawa - Itoman
232,https://local.pokemon.jp/img/p/manhole/ace6dd945ee55438d6cc274d7d64dce2_m.png,Okinawa - Motobu
233,https://local.pokemon.jp/img/p/manhole/07ed34f46b856337cea843d294287933_m.png,Okinawa - Tomigusuku
234,https://local.pokemon.jp/img/p/manhole/037ab104126f6843a4d1264f42926ab5_m.png,Okinawa - Nanjo
235,https://local.pokemon.jp/img/p/manhole/070b79a26c3156a55e5f6b29b4780493_m.png,Okinawa - Ishigaki
236,https://local.pokemon.jp/img/p/manhole/088f26f6fd18af3f64cc8d3e05af29ba_m.png,Okinawa - Miyakojima
237,https://local.pokemon.jp/img/p/manhole/675edfc1e37d6a294429a9e35ed48504_m.png,Shiga - Koka
238,https://local.pokemon.jp/img/p/manhole/696baacc3630dbd8654850d1fb764e25_m.png,Shiga - Koka
239,https://local.pokemon.jp/img/p/manhole/723d14bb4afb1187b258976aa5094e0a_m.png,Shiga - Koka
240,https://local.pokemon.jp/img/p/manhole/ff1d441d552b5c89cd7254c986834349_m.png,Mie - Tsu
241,https://local.pokemon.jp/img/p/manhole/38c81224354dc5eded2c52057638d817_m.png,Mie - Yokkaichi
242,https://local.pokemon.jp/img/p/manhole/a61f60d4ef8ae9a401cc322fe9953951_m.png,Mie - Ise
243,https://local.pokemon.jp/img/p/manhole/c59edcc8c3f844e2d4b2d50b5b63f70e_m.png,Mie - Toba
244,https://local.pokemon.jp/img/p/manhole/642d73fc0560c98d9bb2123d61fe178a_m.png,Mie - Kumano
245,https://local.pokemon.jp/img/p/manhole/2ff24b4155bf1e32a81d809c7e8fa0c4_m.png,Mie - Shima
246,https://local.pokemon.jp/img/p/manhole/871d23d6e3da74231cd6d0c402b2ec3e_m.png,Mie - Iga
247,https://local.pokemon.jp/img/p/manhole/51ecc24c889978ded00d42af017a2958_m.png,Fukushima - Fukushima
248,https://local.pokemon.jp/img/p/manhole/1adfd8a3e9e1b10828f4e0deefa93853_m.png,Fukushima - Aizuwakamatsu
249,https://local.pokemon.jp/img/p/manhole/ca3e03abbe191764b6fde926eed1a5da_m.png,Fukushima - Koriyama
250,https://local.pokemon.jp/img/p/manhole/50c29ca481ea4d2f804361c903447b30_m.png,Fukushima - Minamiaizu
251,https://local.pokemon.jp/img/p/manhole/d2bf4080f4238cfa64011f8329c35fd1_m.png,Fukushima - Yanaizu
252,https://local.pokemon.jp/img/p/manhole/6b321ff06f50ac051b7f30760a91a093_m.png,Fukushima - Showa
253,https://local.pokemon.jp/img/p/manhole/8d9e484d1f4e4ded757f196708543042_m.png,Fukushima - Futaba
254,https://local.pokemon.jp/img/p/manhole/3260540897d76440bd153d443780999d_m.png,Fukushima - Iitate
255,https://local.pokemon.jp/img/p/manhole/f7760dab549440c477f8b489e1add1ed_m.png,Saga - Saga
256,https://local.pokemon.jp/img/p/manhole/aa70252404971db18df4f2bc527a951c_m.png,Saga - Saga
257,https://local.pokemon.jp/img/p/manhole/64eddebc32fe29d163ab826aea4181c1_m.png,Saga - Saga
258,https://local.pokemon.jp/img/p/manhole/17c410916387ddddbd7f807b04947683_m.png,Iwate - Hanamaki
259,https://local.pokemon.jp/img/p/manhole/863f98fb33b3066069009fc1ca95df3a_m.png,Iwate - Tono
260,https://local.pokemon.jp/img/p/manhole/453d04268259621cd2081a81428b81d8_m.png,Iwate - Ichinoseki
261,https://local.pokemon.jp/img/p/manhole/ea457a9ac12cd61461471430fa04872e_m.png,Iwate - Ninohe
262,https://local.pokemon.jp/img/p/manhole/ceed9f9a751f47fe1f935b99da1e094e_m.png,Iwate - Hachimantai
263,https://local.pokemon.jp/img/p/manhole/2490baa3ed8a260be964d24128fd0154_m.png,Iwate - Takizawa
264,https://local.pokemon.jp/img/p/manhole/ae475fe4a3bc02e9f2c71b5b530bdec9_m.png,Iwate - Iwate
265,https://local.pokemon.jp/img/p/manhole/a6b1f66c93b0ccde014798e169a62ab7_m.png,Iwate - Shiwa
266,https://local.pokemon.jp/img/p/manhole/ad2314607356eb76b53f042d0d0c789e_m.png,Iwate - Nishiwaga
267,https://local.pokemon.jp/img/p/manhole/8836400faac2d8e8a399cbb3d4486759_m.png,Iwate - Hiraizumi
268,https://local.pokemon.jp/img/p/manhole/c1d89eb9977a98ddc9928fcc01679954_m.png,Iwate - Karumai
269,https://local.pokemon.jp/img/p/manhole/4cabd14c034857349d2f7dbfe2c962c8_m.png,Iwate - Kunohe
270,https://local.pokemon.jp/img/p/manhole/f13194f5bef52f5ccefbec9e2a63045d_m.png,Iwate - Ichinohe
271,https://local.pokemon.jp/img/p/manhole/2b38fff3956d1bef47f96d05ce465f6f_m.png,Aichi - Toyohashi
272,https://local.pokemon.jp/img/p/manhole/149f024197e1e9af562412f1f861e87b_m.png,Aichi - Toyohashi
273,https://local.pokemon.jp/img/p/manhole/81a26e93499f4f7b7646f134dceaf98e_m.png,Aichi - Toyohashi
274,https://local.pokemon.jp/img/p/manhole/e42f805cec6afc6610bf3fb60fa1302e_m.png,Aichi - Toyohashi
275,https://local.pokemon.jp/img/p/manhole/3d9b3d56b93482869a6a2c7474c4be35_m.png,Toyama - Toyama
276,https://local.pokemon.jp/img/p/manhole/63bb2eadb08b4706570c5bee8384d345_m.png,Toyama - Toyama
277,https://local.pokemon.jp/img/p/manhole/6c44395065c204322fb25c9d622810f6_m.png,Toyama - Toyama
278,https://local.pokemon.jp/img/p/manhole/b156dff51cd08f5fedd446271f2af5cb_m.png,Hokkaido - Tobetsu
279,https://local.pokemon.jp/img/p/manhole/0d3e282f7e5ed43a671c095bc963353b_m.png,Fukushima - Nihonmatsu
280,https://local.pokemon.jp/img/p/manhole/1e3c96c981ef34d92e733c0ecf2590cb_m.png,Fukushima - Date
281,https://local.pokemon.jp/img/p/manhole/79e3301122aa9216bddd37f23732abff_m.png,Fukushima - Kitashiobara
282,https://local.pokemon.jp/img/p/manhole/2472c4c2415ec4c71ca043ba35fbbd1b_m.png,Fukushima - Iwanashiro
283,https://local.pokemon.jp/img/p/manhole/0f281a785f667a4ee9bac0d93500476a_m.png,Fukushima - Aizumisato
284,https://local.pokemon.jp/img/p/manhole/1177578c6fc8b006e9b2e53ac8ea99cd_m.png,Fukushima - Nishigo
285,https://local.pokemon.jp/img/p/manhole/2602675c5b001db979a74bfda76749aa_m.png,Fukushima - Yabuki
286,https://local.pokemon.jp/img/p/manhole/2b62ebefd99578ba22804a9f3d8cbd5e_m.png,Fukushima - Furudono
287,https://local.pokemon.jp/img/p/manhole/726c846d91cf52f7516cf1e6401637b7_m.png,Fukushima - Miharu
288,https://local.pokemon.jp/img/p/manhole/45b93f3bf2e0617781b54d098c85e938_m.png,Yamaguchi - Shimonoseki
289,https://local.pokemon.jp/img/p/manhole/639984e012e0fb49cb6697784322f5a6_m.png,Yamaguchi - Shimonoseki
290,https://local.pokemon.jp/img/p/manhole/19e9d673ad1d496efdf895ddf8b2dd9e_m.png,Yamaguchi - Shimonoseki
291,https://local.pokemon.jp/img/p/manhole/1bf730cea4b0376a673d2aedefc19ce6_m.png,Yamaguchi - Shimonoseki
292,https://local.pokemon.jp/img/p/manhole/e576fe03cd6caedf734295b94e40b1d3_m.png,Mie - Kameyama
293,https://local.pokemon.jp/img/p/manhole/13bc40cf9c71d3585a1d7250ec072043_m.png,Mie - Asahi
294,https://local.pokemon.jp/img/p/manhole/5d34514d91c421e7eb38d33dd3aa4d5e_m.png,Mie - Meiwa
295,https://local.pokemon.jp/img/p/manhole/3d94649159a7193785e0d718e9419ae4_m.png,Mie - Odai
296,https://local.pokemon.jp/img/p/manhole/08fd5108b2fa7f649a3b4288b51dbb81_m.png,Mie - Watarai
297,https://local.pokemon.jp/img/p/manhole/11b856a2714d8732b97c4de3a3eb54b3_m.png,Mie - Kiho
298,https://local.pokemon.jp/img/p/manhole/1ec34abda217efe011cff081f744466e_m.png,Kagawa - Ayagawa
299,https://local.pokemon.jp/img/p/manhole/2542a462ffbb774db2a3a9c72fc44239_m.png,Iwate - Kuji
300,https://local.pokemon.jp/img/p/manhole/4ed2700dca6b81175e2041b6015883ad_m.png,Tottori - Tottori
301,https://local.pokemon.jp/img/p/manhole/c940415d26bf0831bbc369b7616083e1_m.png,Ishikawa - Kanazawa
302,https://local.pokemon.jp/img/p/manhole/8926749b6373a6631574db18ea39adf7_m.png,Hokkaido - Muroran
303,https://local.pokemon.jp/img/p/manhole/5d4acfcb12a887332d63082b2bfcae8a_m.png,Hokkaido - Kitami
304,https://local.pokemon.jp/img/p/manhole/9e92a35e490e653f3cdbc4836a94263e_m.png,Hokkaido - Utashinai
305,https://local.pokemon.jp/img/p/manhole/9c50492829220e1aa07a60b268ddfa1e_m.png,Hokkaido - Kikonai
306,https://local.pokemon.jp/img/p/manhole/e37f84100e487f76745f084394ae7d07_m.png,Hokkaido - Sarufutsu
307,https://local.pokemon.jp/img/p/manhole/8ec01130d0c20e3a3957f36e64315883_m.png,Hokkaido - Bihoro
308,https://local.pokemon.jp/img/p/manhole/be9daa94605e7406128c8aef5c159b77_m.png,Mie - Nabari
309,https://local.pokemon.jp/img/p/manhole/063983c387a9eb6bb1ca4748018fb7df_m.png,Mie - Kisosaki
310,https://local.pokemon.jp/img/p/manhole/73080cfd2979568b56409864ffb75c41_m.png,Mie - Toin
311,https://local.pokemon.jp/img/p/manhole/022cc45747413f97e8b5bf0873da6695_m.png,Kanagawa - Yokohama
312,https://local.pokemon.jp/img/p/manhole/680c8828351a0c325e338868e99f0a0a_m.png,Kanagawa - Yokohama
313,https://local.pokemon.jp/img/p/manhole/3a15037b379ab433f3c857ef5d2535eb_m.png,Kanagawa - Yokohama
314,https://local.pokemon.jp/img/p/manhole/ac4ed4c5f7ff0704cd3e3bc890c7a217_m.png,Kanagawa - Yokohama
315,https://local.pokemon.jp/img/p/manhole/82a8e4547e0d8ae6938fc9ca802c90e0_m.png,Fukuoka - Dazaifu
316,https://local.pokemon.jp/img/p/manhole/5cd7a8385c92d8774ca9fcf6577d93eb_m.png,Fukuoka - Dazaifu
317,https://local.pokemon.jp/img/p/manhole/9f18ef1fb249c26b80202eabfd32d469_m.png,Fukuoka - Dazaifu
318,https://local.pokemon.jp/img/p/manhole/75d7b8121f07fb3655b214e5bc97fd10_m.png,Akita - Akita
319,https://local.pokemon.jp/img/p/manhole/77213c59ad91f8db66797f0066bc9b6e_m.png,Akita - Yokote
320,https://local.pokemon.jp/img/p/manhole/f472a2f36f3ef6d95fc671aa272be760_m.png,Akita - Oga
321,https://local.pokemon.jp/img/p/manhole/01e7a194efa8ccf1f402fd3748124ea6_m.png,Akita - Kazuno
322,https://local.pokemon.jp/img/p/manhole/e2e2f0492f0c7751a975073c6ec29d61_m.png,Akita - Senboku
323,https://local.pokemon.jp/img/p/manhole/078ccb34c03eff812d8749fed35e679a_m.png,Iwate - Kitakami
324,https://local.pokemon.jp/img/p/manhole/de1fad5b97b1302c551d9589cad60c01_m.png,Hokkaido - Biei
325,https://local.pokemon.jp/img/p/manhole/2c463a2dd4f605a830d338c012f560f1_m.png,Ehime - Matsuyama
326,https://local.pokemon.jp/img/p/manhole/5cfd8d62b32230e7062a428e6a8d5314_m.png,Ehime - Matsuyama
327,https://local.pokemon.jp/img/p/manhole/db86984d919f6b77c13d3595895d4033_m.png,Tokushima - Naruto
328,https://local.pokemon.jp/img/p/manhole/ec4704ac964ad623fcdc8e707c4cab98_m.png,Tokushima - Naruto
329,https://local.pokemon.jp/img/p/manhole/b7feef9605334785b629220d93968bd0_m.png,Tokushima - Naruto
330,https://local.pokemon.jp/img/p/manhole/5e7b0f7a590d610047c48864ebaa692f_m.png,Mie - Suzuka
331,https://local.pokemon.jp/img/p/manhole/54d0f6d4443b068cf2328ea975e6f54a_m.png,Mie - Kawagoe
332,https://local.pokemon.jp/img/p/manhole/3079076ac9d1bd591d3d9fed6d5490bf_m.png,Mie - Taki
333,https://local.pokemon.jp/img/p/manhole/5fd9256575a991a946731d58af9d9177_m.png,Mie - Matsusaka
334,https://local.pokemon.jp/img/p/manhole/44742a17501610a31bcbed2c84e725ff_m.png,Mie - Tamashiro
335,https://local.pokemon.jp/img/p/manhole/43f237d285100171554ac6f1a0b3d5ae_m.png,Mie - Minamiise
336,https://local.pokemon.jp/img/p/manhole/8911ceb39e882e398c2d3ce2c706e4cd_m.png,Fukui - Katsuyama
337,https://local.pokemon.jp/img/p/manhole/6a7679a424968fb14c2d9d0de5761ac7_m.png,Fukui - Awara
338,https://local.pokemon.jp/img/p/manhole/ae37578bd4f8d92f43b00865ff9a4592_m.png,Fukui - Echizen-shi
339,https://local.pokemon.jp/img/p/manhole/82eb8843dce5a6e807c44b4d02cac7f4_m.png,Fukui - Eiheiji-cho
340,https://local.pokemon.jp/img/p/manhole/40a7836c54804faf50d4fec9edf7b2cf_m.png,Fukui - Takahama
341,https://local.pokemon.jp/img/p/manhole/aa96cff87252e9d15d1050c3dfdb32b9_m.png,Fukui - Mihama
342,https://local.pokemon.jp/img/p/manhole/e5ee70fdd320e4d6792e7ee9890b2ace_m.png,Wakayama - Wakayama
343,https://local.pokemon.jp/img/p/manhole/1361a905da2d83b5309cd04822de4f32_m.png,Wakayama - Koya
344,https://local.pokemon.jp/img/p/manhole/03e9a0983c54cc918c63b4db3a0fcc5e_m.png,Wakayama - Shirahama
345,https://local.pokemon.jp/img/p/manhole/5f390e91fa19495f13ca11ded3be39a0_m.png,Wakayama - Kushimoto
346,https://local.pokemon.jp/img/p/manhole/0647823671ac088cf1c2812389b1b5c9_m.png,Wakayama - Nachikatsuura
347,https://local.pokemon.jp/img/p/manhole/2b3b0900b7cdfb28b04ebb960c115ec9_m.png,Shizuoka - Shizuoka
348,https://local.pokemon.jp/img/p/manhole/e7918b84cc982219422e8d442611a8fe_m.png,Shizuoka - Hamamatsu
349,https://local.pokemon.jp/img/p/manhole/69a0c3234cff806f768ffdd1db611679_m.png,Shizuoka - Numazu
350,https://local.pokemon.jp/img/p/manhole/dd4782c37fab19b0621283b4e8253ffa_m.png,Shizuoka - Fuji
351,https://local.pokemon.jp/img/p/manhole/54b23fd2424c86f488e780a6dd137276_m.png,Shizuoka - Izu
352,https://local.pokemon.jp/img/p/manhole/ba4d976110fe6bb12c1e0b7c0a312f7b_m.png,Kyoto - Uji
353,https://local.pokemon.jp/img/p/manhole/11fd9be6e92dc0be962656f7c238bef0_m.png,Kyoto - Uji
354,https://local.pokemon.jp/img/p/manhole/8a66b9b0f3d34972338794fc1b07dacd_m.png,Nagasaki - Nagasaki
355,https://local.pokemon.jp/img/p/manhole/6440346e37eff89ad1803987d49c5289_m.png,Nagasaki - Sasebo
356,https://local.pokemon.jp/img/p/manhole/fd830fce9e6898daa219f632addce1a8_m.png,Nagasaki - Omura
357,https://local.pokemon.jp/img/p/manhole/5b656d359478392214ecfa0fdfbd1cb6_m.png,Nagasaki - Unzen
358,https://local.pokemon.jp/img/p/manhole/2f09d6ddf8f545c9a622b7365735839f_m.png,Nagasaki - Shinkamigoto
359,https://local.pokemon.jp/img/p/manhole/9b3860d131b58b6066c6d4237d0cdb6b_m.png,Gifu - Kakamigahara
360,https://local.pokemon.jp/img/p/manhole/61f691b88819240129496347dde2c36b_m.png,Gifu - Gero
361,https://local.pokemon.jp/img/p/manhole/e2886e52fc662f5a6a64616a5355b250_m.png,Gifu - Seki
362,https://local.pokemon.jp/img/p/manhole/e417eecf891ba9e041c137c544a8b57a_m.png,Gifu - Sekigahara
363,https://local.pokemon.jp/img/p/manhole/1a58002d4c3745b11517f8eeae645f82_m.png,Gifu - Takayama
364,https://local.pokemon.jp/img/p/manhole/4004f0ce0f42a5ef7a83d3a2e31c2849_m.png,Fukui - Ono
365,https://local.pokemon.jp/img/p/manhole/f25d208e515596f3044c613f8c221a7d_m.png,Fukui - Tsuruga
366,https://local.pokemon.jp/img/p/manhole/9dcb25b385c233d8d26af0040a30d329_m.png,Fukui - Minami Echizen
367,https://local.pokemon.jp/img/p/manhole/4d9f218970b4bfd3c8d6020a4f155050_m.png,Fukui - Obama
368,https://local.pokemon.jp/img/p/manhole/9144ea3aa592e063e8c206726ea9a5a1_m.png,Fukui - Ikeda
369,https://local.pokemon.jp/img/p/manhole/0f579224c6b8b65ba3e6230a35d0401d_m.png,Fukushima - Aizubange
370,https://local.pokemon.jp/img/p/manhole/80227c9271b9281cb486741200d56324_m.png,Fukushima - Kagamiishi
371,https://local.pokemon.jp/img/p/manhole/72eb2c8e38d7e27e9a4df0d1b68f7458_m.png,Fukushima - Tanagura
372,https://local.pokemon.jp/img/p/manhole/8365c7bd00bdd8d2c9a777fde01d9a6d_m.png,Fukushima - Yugawa
373,https://local.pokemon.jp/img/p/manhole/be6d25642a21e17dac465e21aa08372c_m.png,Fukushima - Kunimi
374,https://local.pokemon.jp/img/p/manhole/472d481f4f93133c377f8e220abc5dca_m.png,Fukushima - Hirono
375,https://local.pokemon.jp/img/p/manhole/1e873a3be5ea9c32be9dc36e0e501f99_m.png,Fukushima - Hirata
376,https://local.pokemon.jp/img/p/manhole/9f523b52954278d31137611b04cae08f_m.png,Fukushima - Shirakawa
377,https://local.pokemon.jp/img/p/manhole/b394f41c1a92270caadde96879540675_m.png,Shimane - Hamada
378,https://local.pokemon.jp/img/p/manhole/3c9c0b472e5a716415b65f5fd222035c_m.png,Shimane - Izumo
379,https://local.pokemon.jp/img/p/manhole/24ee50a876d722099a40bd736aa424d0_m.png,Shimane - Oda
380,https://local.pokemon.jp/img/p/manhole/626d7178748566491c9757ab1611d4b6_m.png,Shimane - Yasugi
381,https://local.pokemon.jp/img/p/manhole/b9231fe3c20c2f21aa3b59fa2e15d2c9_m.png,Shimane - Okinoshima
382,https://local.pokemon.jp/img/p/manhole/47baa8ef80858e014f938cb01f16ab7b_m.png,Kyoto - Uji
383,https://local.pokemon.jp/img/p/manhole/34f38b612591f542f7cde91c92431fe1_m.png,Mie - Kuwana
384,https://local.pokemon.jp/img/p/manhole/a9212a2a3b6d5b9347985b9ccd1beb0e_m.png,Mie - Owase
385,https://local.pokemon.jp/img/p/manhole/17c4234b2ec1619a5801f73f87742e27_m.png,Mie - Inabe
386,https://local.pokemon.jp/img/p/manhole/db40a95379113f5cdffb84dc02a956e7_m.png,Mie - Komono
387,https://local.pokemon.jp/img/p/manhole/f435d5251cfe91fa5532d1ab26ca47e4_m.png,Mie - Taiki
388,https://local.pokemon.jp/img/p/manhole/de7b40100ef8846319095eeda71c4089_m.png,Mie - Kihoku
389,https://local.pokemon.jp/img/p/manhole/598c154d6772e0df2a69b8aa78f442ef_m.png,Mie - Mihama
390,https://local.pokemon.jp/img/p/manhole/9b80e14141a8c41fc519beaa1bde69f8_m.png,Kochi - Kami
391,https://local.pokemon.jp/img/p/manhole/9326f1ab7b66840ba918c10e7c8478b2_m.png,Kochi - Nahari
392,https://local.pokemon.jp/img/p/manhole/05938aa1104a2226b71dbc2b1e6de194_m.png,Kochi - Otoyo
393,https://local.pokemon.jp/img/p/manhole/4ac408636042cae5deaff75207b9bf30_m.png,Kochi - Hidaka
394,https://local.pokemon.jp/img/p/manhole/7fc86d8a52fce05b93042fe1a127342a_m.png,Kochi - Tsuno
395,https://local.pokemon.jp/img/p/manhole/31ea84ec8f10061d987ef8d7fc15c1da_m.png,Kochi - Otsuki
396,https://local.pokemon.jp/img/p/manhole/207a12127b5a99f94f0fa04d69543a4a_m.png,Kochi - Mihara
397,https://local.pokemon.jp/img/p/manhole/74be692413e89b4fec7143be21b89187_m.png,Iwate - Kitakami
398,https://local.pokemon.jp/img/p/manhole/d0ba56dc0960526c6c25a5e6bfaf3d09_m.png,Iwate - Morioka
399,https://local.pokemon.jp/img/p/manhole/d83e17697e33d9ed20040ea92890fa38_m.png,Yamagata - Yamagata
400,https://local.pokemon.jp/img/p/manhole/c09268e65f3623546d6818d5ad41f872_m.png,Yamagata - Sagae
401,https://local.pokemon.jp/img/p/manhole/756596314ba4cb80fcddec5aacd40fa7_m.png,Yamagata - Okura
402,https://local.pokemon.jp/img/p/manhole/af8622d0fb9c0dcd8ae7662c09346e5f_m.png,Yamagata - Oguni
403,https://local.pokemon.jp/img/p/manhole/682832fc77641227f5f45a0ba883c392_m.png,Yamagata - Tsuruoka
404,https://local.pokemon.jp/img/p/manhole/1e8ca4125f1e840c139362bef0854ae6_m.png,Aichi - Nagoya
405,https://local.pokemon.jp/img/p/manhole/f11b36b1639166804131d9e464fac8d9_m.png,Aichi - Seto
406,https://local.pokemon.jp/img/p/manhole/9e73d3dac08706213606acfa5508d3f2_m.png,Aichi - Tokoname
407,https://local.pokemon.jp/img/p/manhole/b74fd1d13c5402743ee665a0b7b52adc_m.png,Aichi - Kariya
408,https://local.pokemon.jp/img/p/manhole/b8558e0a74714d9f0519a90cbffb2bd8_m.png,Aichi - Nishio
409,https://local.pokemon.jp/img/p/manhole/b7ce2257a00adad91661a580d6305fd4_m.png,Ibaraki - Kamisu
410,https://local.pokemon.jp/img/p/manhole/077e657dad03480b92569da298fdd44b_m.png,Ibaraki - Chikusei
411,https://local.pokemon.jp/img/p/manhole/9849d1409331da248994adbdfce3509b_m.png,Ibaraki - Tsukuba
412,https://local.pokemon.jp/img/p/manhole/22efba09e43fc13bf4834b0f6157cde5_m.png,Ibaraki - Hitachiota
413,https://local.pokemon.jp/img/p/manhole/223f1b131033a42ab2891fecab366ef0_m.png,Ibaraki - Mito
414,https://local.pokemon.jp/img/p/manhole/a89748231037b875f1fa7ac013603073_m.png,Mie - Toba
415,https://local.pokemon.jp/img/p/manhole/7f1168d3590ddc36c4964cd276776c02_m.png,Mie - Suzuka
416,https://local.pokemon.jp/img/p/manhole/292964dec0cb7ddb638e94dcd4388ad1_m.png,Fukui - Sakai
417,https://local.pokemon.jp/img/p/manhole/01f288197426c4ecd10018babaf52ce1_m.png,Fukui - Fukui
418,https://local.pokemon.jp/img/p/manhole/bc3a6278d1b847a6c3ee8d6a320303c8_m.png,Fukui - Ohi
419,https://local.pokemon.jp/img/p/manhole/602c4f607f16ab68a51dda3da2b63bac_m.png,Fukui - Sabae
420,https://local.pokemon.jp/img/p/manhole/a24ce3b6e6ded0b78634c88d850a1f93_m.png,Fukui - Wakasa
421,https://local.pokemon.jp/img/p/manhole/a4b9ed8fd6f982a51e508d614e8bc9c7_m.png,Fukui - Echizen-cho
422,https://local.pokemon.jp/img/p/manhole/5607d35bb32e267fd37f06948e578902_m.png,Okinawa - Chatan
423,https://local.pokemon.jp/img/p/manhole/623f50d4f0f1212ad2d8e5bebf791b51_m.png,Okinawa - Tokashiki
424,https://local.pokemon.jp/img/p/manhole/ad1c1aa56457a1e78f7b08da82f89868_m.png,Okinawa - Zamami
425,https://local.pokemon.jp/img/p/manhole/e4ee32e72e4e30c41254652f0b1383bf_m.png,Okinawa - Kumejima
426,https://local.pokemon.jp/img/p/manhole/e0af9a218a104af4f32e4c65f047155a_m.png,Iwate - Kuzumaki
427,https://local.pokemon.jp/img/p/manhole/9bc84a22210b01d1330da1a3d459e5d8_m.png,Nagasaki - Shimabara
428,https://local.pokemon.jp/img/p/manhole/e126c5112eda03d677eff9b92cab10cc_m.png,Nagasaki - Iki
429,https://local.pokemon.jp/img/p/manhole/fcac6f042fa67019abd2dca48d815440_m.png,Nagasaki - Togitsu
430,https://local.pokemon.jp/img/p/manhole/7e0358daa2f0bd5c89903de1a57cecf8_m.png,Nagasaki - Higashisonogi
431,https://local.pokemon.jp/img/p/manhole/41ee5c22850c88cabf369c70302bd777_m.png,Nagasaki - Saza
432,https://local.pokemon.jp/img/p/manhole/d9bd03a57b3501b93226b157abadbb2d_m.png,Kochi - Muroto
433,https://local.pokemon.jp/img/p/manhole/551bad185b3f9a9d17c5f6f40d7febfc_m.png,Kochi - Aki
434,https://local.pokemon.jp/img/p/manhole/c4bd71337c16e241b3b9203a89f970e8_m.png,Kochi - Susaki
435,https://local.pokemon.jp/img/p/manhole/d0827223105f6648da72d7595907c786_m.png,Kochi - Sukumo
436,https://local.pokemon.jp/img/p/manhole/c1359eed647d0b370136b487d0854b70_m.png,Kochi - Konan
437,https://local.pokemon.jp/img/p/manhole/299ea9629aaed7f41bf1554d2a09b05a_m.png,Kochi - Toyo
438,https://local.pokemon.jp/img/p/manhole/531b4a4ba848285085f50bb59b5a7a61_m.png,Hokkaido - Sapporo
439,https://local.pokemon.jp/img/p/manhole/d6b485b2485506fb3022e809a4c2876c_m.png,Hokkaido - Sunagawa
440,https://local.pokemon.jp/img/p/manhole/7dd1c2ca558b28c070cf52b3cf98f68d_m.png,Hokkaido - Yuni
441,https://local.pokemon.jp/img/p/manhole/00de3645760fd45cc9adfdb0967ac056_m.png,Hokkaido - Assabu
442,https://local.pokemon.jp/img/p/manhole/c109d6f01a11e1abe9df06af4196d73c_m.png,Hokkaido - Horonobe
443,https://local.pokemon.jp/img/p/manhole/fa60bb5908c2b1825c3022acdc8aac53_m.png,Hokkaido - Tsubetsu
444,https://local.pokemon.jp/img/p/manhole/80d67fcbafef57060bff53c8de34985b_m.png,Hokkaido - Yubetsu
445,https://local.pokemon.jp/img/p/manhole/63d1b0ab4923f1c3cd03a928dd57d7b5_m.png,Hokkaido - Betsukai
446,https://local.pokemon.jp/img/p/manhole/6ea8d929a518be32eb78754371390526_m.png,Okinawa - Naha
447,https://local.pokemon.jp/img/p/manhole/416bb8faf8d814dec25f300d3bf43db9_m.png,Miyagi - Kasenuma Park
448,https://local.pokemon.jp/img/p/manhole/cada9697883c11b0ee2a095132e65a31_m.png,Tokyo - PokéPark KANTO
449,https://local.pokemon.jp/img/p/manhole/c788095c5594cd56004ce5193f87f011_m.png,Kochi - Kochi
450,https://local.pokemon.jp/img/p/manhole/3ab25d9876c61cc403ff6fd8bb3987c8_m.png,Kochi - Tosashimizu
451,https://local.pokemon.jp/img/p/manhole/902cc23866cd95b207c0938bbefff0dd_m.png,Kochi - Yasuda
452,https://local.pokemon.jp/img/p/manhole/9c0a595989dd526afbd07bf111d7a2d3_m.png,Kochi - Motoyama
453,https://local.pokemon.jp/img/p/manhole/b616658313fb3050e2608e53805bbe69_m.png,Kochi - Niyodogawa
454,https://local.pokemon.jp/img/p/manhole/31610e9bff9bfc8fdc64683e1e1bc75f_m.png,Fukushima - Sukagawa
455,https://local.pokemon.jp/img/p/manhole/fc5fefcde24d0eaf98672ed0dc0e7abd_m.png,Fukushima - Tenei
456,https://local.pokemon.jp/img/p/manhole/5d9b7729ce8952e05c6fdedcbf82dcce_m.png,Fukushima - Shimogo
457,https://local.pokemon.jp/img/p/manhole/e7dc3b5a9cbd1d327172ad540f6c6b08_m.png,Fukushima - Nishiaizu
458,https://local.pokemon.jp/img/p/manhole/24d020c935a2ad0492a860df592cb9f2_m.png,Fukushima - Izumizaki
459,https://local.pokemon.jp/img/p/manhole/b530a464344989e265f4a1013337ab42_m.png,Fukushima - Samegawa
460,https://local.pokemon.jp/img/p/manhole/e2e9702c4eaa677732ff81abb89aa1c7_m.png,Fukushima - Asakawa
461,https://local.pokemon.jp/img/p/manhole/f674a1951c9a5d26ddb126221756eca1_m.png,Fukushima - Ono
462,https://local.pokemon.jp/img/p/manhole/80d89bd52e1edb0d93f1a0cdc06d4757_m.png,Fukushima - Okuma
463,https://local.pokemon.jp/img/p/manhole/d769d590f73bfec332de82f0a5dd7d06_m.png,Iwate - Oshu
464,https://local.pokemon.jp/img/p/manhole/05aa91a5c54fced8bdf19152189ccd66_m.png,Iwate - Shizukuishi
465,https://local.pokemon.jp/img/p/manhole/28333d9283ea549934e01301b4fe5b97_m.png,Iwate - Yahaba
466,https://local.pokemon.jp/img/p/manhole/bc9b6ce686085c3e074bd69dc23dee60_m.png,Iwate - Kanegasaki
467,https://local.pokemon.jp/img/p/manhole/950280bab6a52375f60a30456007e6e9_m.png,Iwate - Morioka
468,https://local.pokemon.jp/img/p/manhole/f1da1d7cec53987ff936da3fbd11f18f_m.png,Ishikawa - Nanao
469,https://local.pokemon.jp/img/p/manhole/5bde37f1ca046581e26582ecfca9bdcd_m.png,Ishikawa - Wajima
470,https://local.pokemon.jp/img/p/manhole/13e5c3a4028ded1bfa96f4b816bfe631_m.png,Ishikawa - Suzu
471,https://local.pokemon.jp/img/p/manhole/5a893a52dcdef186d0629ca2c52a7546_m.png,Ishikawa - Shika
472,https://local.pokemon.jp/img/p/manhole/87a3fd9365e386e00d23128242ee50b4_m.png,Ishikawa - Anamizu
473,https://local.pokemon.jp/img/p/manhole/e839dd22163b193f2e7d8c3db59ee6ec_m.png,Ishikawa - Noto
474,https://local.pokemon.jp/img/p/manhole/0dfe96c54ef7f6271d17c9ea3fb43e65_m.png,Miyagi - Sendai
